002680284,Piyush,Pandey,pandey.pi@northeastern.edu
002875368,Mohit,Bhagwanani,bhagwanani.m@northeastern.edu
002817593,Viraj,Gupta,gupta.vir@northeastern.edu
002768099,Sejal Rajesh,Deopura,deopura.s@northeastern.edu
002275707,Piyush,Dongre,Dongre.p@northeastern.edu
001004607,Atharva Sunil,Konge,konge.a@northeastern.edu
002836130,Sarvesh Gaurishankar,Sawant,sawant.sar@northeastern.edu
002602740,Tejashree Pandurang,Gore,gore.te@northeastern.edu
002209773,Shashwat,Shahi,shahi.sh@northeastern.edu